<BackupInst xmlns="http://www.microsoft.com/GroupPolicy/GPOOperations/Manifest"><GPOGuid><![CDATA[{280A975A-D19C-4BCF-B125-B4BFAE998594}]]></GPOGuid><GPODomain><![CDATA[project.local]]></GPODomain><GPODomainGuid><![CDATA[{fe775b0b-520f-497c-8bc2-1e2ec92a2997}]]></GPODomainGuid><GPODomainController><![CDATA[DC1.project.local]]></GPODomainController><BackupTime><![CDATA[2022-12-04T15:03:14]]></BackupTime><ID><![CDATA[{21AA0B2B-97A1-4489-9DE3-E7A1C5FFB6DC}]]></ID><Comment><![CDATA[Shared Folders]]></Comment><GPODisplayName><![CDATA[Shared-Folders]]></GPODisplayName></BackupInst>
