<?xml version="1.0" encoding="utf-8"?>
<Drives clsid="{8FDDCC1A-0C3C-43cd-A6B4-71A6DF20DA8C}"><Drive clsid="{935D1B74-9CB8-4e3c-9914-7DD559B7A417}" name="O:" status="O:" image="0" changed="2022-12-04 14:58:12" uid="{90E02AD9-A5FA-4C81-9FA6-A6C8FA3AFEBA}" bypassErrors="1"><Properties action="C" thisDrive="SHOW" allDrives="SHOW" userName="" path="\\FS1\oktatok" label="\\FS1\oktatok" persistent="0" useLetter="1" letter="O"/><Filters><FilterGroup bool="AND" not="0" name="project\oktatok" sid="S-1-5-21-145901427-4149395719-1594107157-1108" userContext="1" primaryGroup="0" localGroup="0"/><FilterGroup bool="OR" not="0" name="project\Domain Admins" sid="S-1-5-21-145901427-4149395719-1594107157-512" userContext="1" primaryGroup="0" localGroup="0"/></Filters></Drive>
	<Drive clsid="{935D1B74-9CB8-4e3c-9914-7DD559B7A417}" name="H:" status="H:" image="0" changed="2022-12-04 14:34:52" uid="{63F521C2-7E1A-4D63-9206-FA10CC5445C0}" bypassErrors="1"><Properties action="C" thisDrive="SHOW" allDrives="SHOW" userName="" path="\\FS1\hallgatok" label="\\FS1\hallgatok" persistent="0" useLetter="1" letter="H"/><Filters><FilterGroup bool="AND" not="0" name="project\hallgatok" sid="S-1-5-21-145901427-4149395719-1594107157-1109" userContext="1" primaryGroup="0" localGroup="0"/><FilterGroup bool="OR" not="0" name="project\Domain Admins" sid="S-1-5-21-145901427-4149395719-1594107157-512" userContext="1" primaryGroup="0" localGroup="0"/></Filters></Drive>
	<Drive clsid="{935D1B74-9CB8-4e3c-9914-7DD559B7A417}" name="V:" status="V:" image="0" changed="2022-12-04 14:23:26" uid="{6C69452D-2207-465F-9E5D-3E2B85937533}" bypassErrors="1"><Properties action="C" thisDrive="NOCHANGE" allDrives="NOCHANGE" userName="" path="\\FS1\vizsga" label="\\FS1\vizsga" persistent="0" useLetter="1" letter="V"/><Filters><FilterGroup bool="AND" not="0" name="project\hallgatok" sid="S-1-5-21-145901427-4149395719-1594107157-1109" userContext="1" primaryGroup="0" localGroup="0"/><FilterGroup bool="OR" not="0" name="project\Domain Admins" sid="S-1-5-21-145901427-4149395719-1594107157-512" userContext="1" primaryGroup="0" localGroup="0"/></Filters></Drive>
</Drives>
