<?xml version="1.0" encoding="utf-8"?><!-- Copyright (c) Microsoft Corporation.  All rights reserved. --><GroupPolicyBackupScheme bkp:version="2.0" bkp:type="GroupPolicyBackupTemplate" xmlns:bkp="http://www.microsoft.com/GroupPolicy/GPOOperations" xmlns="http://www.microsoft.com/GroupPolicy/GPOOperations">
    <GroupPolicyObject><SecurityGroups><Group bkp:Source="FromDACL"><Sid><![CDATA[S-1-5-21-3938928133-2940390589-1104319230-519]]></Sid><SamAccountName><![CDATA[Enterprise Admins]]></SamAccountName><Type><![CDATA[UniversalGroup]]></Type><NetBIOSDomainName><![CDATA[project]]></NetBIOSDomainName><DnsDomainName><![CDATA[project.local]]></DnsDomainName><UPN><![CDATA[Enterprise Admins@project.local]]></UPN></Group><Group bkp:Source="FromDACL"><Sid><![CDATA[S-1-5-21-3938928133-2940390589-1104319230-512]]></Sid><SamAccountName><![CDATA[Domain Admins]]></SamAccountName><Type><![CDATA[GlobalGroup]]></Type><NetBIOSDomainName><![CDATA[project]]></NetBIOSDomainName><DnsDomainName><![CDATA[project.local]]></DnsDomainName><UPN><![CDATA[Domain Admins@project.local]]></UPN></Group></SecurityGroups><FilePaths/><GroupPolicyCoreSettings><ID><![CDATA[{4166A5D2-535B-4621-A1C5-647FCB59D3F0}]]></ID><Domain><![CDATA[project.local]]></Domain><SecurityDescriptor>01 00 04 9c 00 00 00 00 00 00 00 00 00 00 00 00 14 00 00 00 04 00 ec 00 08 00 00 00 05 02 28 00 00 01 00 00 01 00 00 00 8f fd ac ed b3 ff d1 11 b4 1d 00 a0 c9 68 f9 39 01 01 00 00 00 00 00 05 0b 00 00 00 00 00 24 00 ff 00 0f 00 01 05 00 00 00 00 00 05 15 00 00 00 05 46 c7 ea bd cc 42 af fe 92 d2 41 00 02 00 00 00 02 24 00 ff 00 0f 00 01 05 00 00 00 00 00 05 15 00 00 00 05 46 c7 ea bd cc 42 af fe 92 d2 41 00 02 00 00 00 02 24 00 ff 00 0f 00 01 05 00 00 00 00 00 05 15 00 00 00 05 46 c7 ea bd cc 42 af fe 92 d2 41 07 02 00 00 00 02 14 00 94 00 02 00 01 01 00 00 00 00 00 05 09 00 00 00 00 02 14 00 94 00 02 00 01 01 00 00 00 00 00 05 0b 00 00 00 00 02 14 00 ff 00 0f 00 01 01 00 00 00 00 00 05 12 00 00 00 00 0a 14 00 ff 00 0f 00 01 01 00 00 00 00 00 03 00 00 00 00</SecurityDescriptor><DisplayName><![CDATA[Shared-Folders]]></DisplayName><Options><![CDATA[0]]></Options><UserVersionNumber><![CDATA[2949165]]></UserVersionNumber><MachineVersionNumber><![CDATA[65537]]></MachineVersionNumber><MachineExtensionGuids><![CDATA[[{35378EAC-683F-11D2-A89A-00C04FBBCFA2}{D02B1F72-3407-48AE-BA88-E8213C6761F1}][{827D319E-6EAC-11D2-A4EA-00C04F79F83A}{803E14A0-B4FB-11D0-A0D0-00A0C90F574B}]]]></MachineExtensionGuids><UserExtensionGuids><![CDATA[[{00000000-0000-0000-0000-000000000000}{2EA1A81B-48E5-45E9-8BB7-A6E3AC170006}][{5794DAFD-BE60-433F-88A2-1A31939AC01F}{2EA1A81B-48E5-45E9-8BB7-A6E3AC170006}]]]></UserExtensionGuids><WMIFilter/></GroupPolicyCoreSettings> 
        <GroupPolicyExtension bkp:ID="{35378EAC-683F-11D2-A89A-00C04FBBCFA2}" bkp:DescName="Registry">
            <FSObjectFile bkp:Path="%GPO_MACH_FSPATH%\registry.pol" bkp:SourceExpandedPath="\\DC1.project.local\sysvol\project.local\Policies\{4166A5D2-535B-4621-A1C5-647FCB59D3F0}\Machine\registry.pol" bkp:Location="DomainSysvol\GPO\Machine\registry.pol"/>
            
            <FSObjectFile bkp:Path="%GPO_FSPATH%\Adm\*.*" bkp:SourceExpandedPath="\\DC1.project.local\sysvol\project.local\Policies\{4166A5D2-535B-4621-A1C5-647FCB59D3F0}\Adm\*.*"/>
        </GroupPolicyExtension>
        
        
        
        
        <GroupPolicyExtension bkp:ID="{827D319E-6EAC-11D2-A4EA-00C04F79F83A}" bkp:DescName="Security">
            <FSObjectFile bkp:Path="%GPO_MACH_FSPATH%\microsoft\windows nt\SecEdit\GptTmpl.inf" bkp:SourceExpandedPath="\\DC1.project.local\sysvol\project.local\Policies\{4166A5D2-535B-4621-A1C5-647FCB59D3F0}\Machine\microsoft\windows nt\SecEdit\GptTmpl.inf" bkp:ReEvaluateFunction="SecurityValidateSettings" bkp:Location="DomainSysvol\GPO\Machine\microsoft\windows nt\SecEdit\GptTmpl.inf"/>
        </GroupPolicyExtension>
        
        
        
        
    <GroupPolicyExtension bkp:ID="{F15C46CD-82A0-4C2D-A210-5D0D3182A418}" bkp:DescName="Unknown Extension"><FSObjectDir bkp:Path="%GPO_MACH_FSPATH%\Applications" bkp:SourceExpandedPath="\\DC1.project.local\sysvol\project.local\Policies\{4166A5D2-535B-4621-A1C5-647FCB59D3F0}\Machine\Applications" bkp:Location="DomainSysvol\GPO\Machine\Applications"/><FSObjectFile bkp:Path="%GPO_MACH_FSPATH%\comment.cmtx" bkp:SourceExpandedPath="\\DC1.project.local\sysvol\project.local\Policies\{4166A5D2-535B-4621-A1C5-647FCB59D3F0}\Machine\comment.cmtx" bkp:Location="DomainSysvol\GPO\Machine\comment.cmtx"/><FSObjectDir bkp:Path="%GPO_MACH_FSPATH%\microsoft" bkp:SourceExpandedPath="\\DC1.project.local\sysvol\project.local\Policies\{4166A5D2-535B-4621-A1C5-647FCB59D3F0}\Machine\microsoft" bkp:Location="DomainSysvol\GPO\Machine\microsoft"/><FSObjectDir bkp:Path="%GPO_MACH_FSPATH%\microsoft\windows nt" bkp:SourceExpandedPath="\\DC1.project.local\sysvol\project.local\Policies\{4166A5D2-535B-4621-A1C5-647FCB59D3F0}\Machine\microsoft\windows nt" bkp:Location="DomainSysvol\GPO\Machine\microsoft\windows nt"/><FSObjectDir bkp:Path="%GPO_MACH_FSPATH%\microsoft\windows nt\SecEdit" bkp:SourceExpandedPath="\\DC1.project.local\sysvol\project.local\Policies\{4166A5D2-535B-4621-A1C5-647FCB59D3F0}\Machine\microsoft\windows nt\SecEdit" bkp:Location="DomainSysvol\GPO\Machine\microsoft\windows nt\SecEdit"/><FSObjectDir bkp:Path="%GPO_MACH_FSPATH%\Scripts" bkp:SourceExpandedPath="\\DC1.project.local\sysvol\project.local\Policies\{4166A5D2-535B-4621-A1C5-647FCB59D3F0}\Machine\Scripts" bkp:Location="DomainSysvol\GPO\Machine\Scripts"/><FSObjectDir bkp:Path="%GPO_MACH_FSPATH%\Scripts\Shutdown" bkp:SourceExpandedPath="\\DC1.project.local\sysvol\project.local\Policies\{4166A5D2-535B-4621-A1C5-647FCB59D3F0}\Machine\Scripts\Shutdown" bkp:Location="DomainSysvol\GPO\Machine\Scripts\Shutdown"/><FSObjectDir bkp:Path="%GPO_MACH_FSPATH%\Scripts\Startup" bkp:SourceExpandedPath="\\DC1.project.local\sysvol\project.local\Policies\{4166A5D2-535B-4621-A1C5-647FCB59D3F0}\Machine\Scripts\Startup" bkp:Location="DomainSysvol\GPO\Machine\Scripts\Startup"/><FSObjectDir bkp:Path="%GPO_USER_FSPATH%\Applications" bkp:SourceExpandedPath="\\DC1.project.local\sysvol\project.local\Policies\{4166A5D2-535B-4621-A1C5-647FCB59D3F0}\User\Applications" bkp:Location="DomainSysvol\GPO\User\Applications"/><FSObjectDir bkp:Path="%GPO_USER_FSPATH%\Documents &amp; Settings" bkp:SourceExpandedPath="\\DC1.project.local\sysvol\project.local\Policies\{4166A5D2-535B-4621-A1C5-647FCB59D3F0}\User\Documents &amp; Settings" bkp:Location="DomainSysvol\GPO\User\Documents &amp; Settings"/><FSObjectDir bkp:Path="%GPO_USER_FSPATH%\Preferences" bkp:SourceExpandedPath="\\DC1.project.local\sysvol\project.local\Policies\{4166A5D2-535B-4621-A1C5-647FCB59D3F0}\User\Preferences" bkp:Location="DomainSysvol\GPO\User\Preferences"/><FSObjectDir bkp:Path="%GPO_USER_FSPATH%\Preferences\Drives" bkp:SourceExpandedPath="\\DC1.project.local\sysvol\project.local\Policies\{4166A5D2-535B-4621-A1C5-647FCB59D3F0}\User\Preferences\Drives" bkp:Location="DomainSysvol\GPO\User\Preferences\Drives"/><FSObjectFile bkp:Path="%GPO_USER_FSPATH%\Preferences\Drives\Drives.xml" bkp:SourceExpandedPath="\\DC1.project.local\sysvol\project.local\Policies\{4166A5D2-535B-4621-A1C5-647FCB59D3F0}\User\Preferences\Drives\Drives.xml" bkp:Location="DomainSysvol\GPO\User\Preferences\Drives\Drives.xml"/><FSObjectDir bkp:Path="%GPO_USER_FSPATH%\Scripts" bkp:SourceExpandedPath="\\DC1.project.local\sysvol\project.local\Policies\{4166A5D2-535B-4621-A1C5-647FCB59D3F0}\User\Scripts" bkp:Location="DomainSysvol\GPO\User\Scripts"/><FSObjectDir bkp:Path="%GPO_USER_FSPATH%\Scripts\Logoff" bkp:SourceExpandedPath="\\DC1.project.local\sysvol\project.local\Policies\{4166A5D2-535B-4621-A1C5-647FCB59D3F0}\User\Scripts\Logoff" bkp:Location="DomainSysvol\GPO\User\Scripts\Logoff"/><FSObjectDir bkp:Path="%GPO_USER_FSPATH%\Scripts\Logon" bkp:SourceExpandedPath="\\DC1.project.local\sysvol\project.local\Policies\{4166A5D2-535B-4621-A1C5-647FCB59D3F0}\User\Scripts\Logon" bkp:Location="DomainSysvol\GPO\User\Scripts\Logon"/></GroupPolicyExtension></GroupPolicyObject>
</GroupPolicyBackupScheme>