<BackupInst xmlns="http://www.microsoft.com/GroupPolicy/GPOOperations/Manifest"><GPOGuid><![CDATA[{4166A5D2-535B-4621-A1C5-647FCB59D3F0}]]></GPOGuid><GPODomain><![CDATA[project.local]]></GPODomain><GPODomainGuid><![CDATA[{42a71e56-e89f-439f-ad05-f1621cae62cf}]]></GPODomainGuid><GPODomainController><![CDATA[DC1.project.local]]></GPODomainController><BackupTime><![CDATA[2022-12-05T17:26:32]]></BackupTime><ID><![CDATA[{A0495F5C-933B-4F57-9C10-45F93E6E2AB1}]]></ID><Comment><![CDATA[Shared Folders]]></Comment><GPODisplayName><![CDATA[Shared-Folders]]></GPODisplayName></BackupInst>
